family,dataset,k,lps_text,lps_text_lo,lps_text_hi,lps_text_n,lps_image_only,lps_image_only_lo,lps_image_only_hi,lps_image_only_n,lps_image_conditioned,lps_image_conditioned_lo,lps_image_conditioned_hi,lps_image_conditioned_n,nri_image_conditioned,nri_image_conditioned_lo,nri_image_conditioned_hi,nri_image_conditioned_n,shared_neighbor_ratio,shared_neighbor_ratio_lo,shared_neighbor_ratio_hi,shared_neighbor_ratio_n,cross_superclass_gained_frac,cross_superclass_gained_frac_lo,cross_superclass_gained_frac_hi,cross_superclass_gained_frac_n,random_shared_baseline,random_shared_baseline_lo,random_shared_baseline_hi,random_shared_baseline_n,align_fit_proxy,align_fit_proxy_lo,align_fit_proxy_hi,align_fit_proxy_n,n_concepts,n_concepts_lo,n_concepts_hi,n_concepts_n
Pali,COCO,3,0.069,0.051,0.08,8,0.067,0.059,0.077,8,0.092,0.066,0.117,8,0.794,0.742,0.849,8,0.206,0.151,0.258,8,0.628,0.579,0.678,8,0.025,0.025,0.025,8,-0.294,-0.611,-0.062,8,120.0,120.0,120.0,8
Pali,COCO,5,0.094,0.08,0.106,8,0.091,0.074,0.109,8,0.12,0.096,0.143,8,0.753,0.709,0.791,8,0.247,0.209,0.291,8,0.658,0.634,0.68,8,0.042,0.042,0.042,8,-0.294,-0.611,-0.062,8,120.0,120.0,120.0,8
Pali,COCO,10,0.16,0.147,0.187,8,0.155,0.127,0.186,8,0.189,0.16,0.221,8,0.66,0.602,0.696,8,0.34,0.304,0.398,8,0.762,0.744,0.778,8,0.084,0.084,0.084,8,-0.294,-0.611,-0.062,8,120.0,120.0,120.0,8
Pali,COCO,20,0.22,0.201,0.248,8,0.212,0.181,0.244,8,0.253,0.227,0.288,8,0.595,0.546,0.63,8,0.405,0.37,0.454,8,0.885,0.859,0.902,8,0.168,0.168,0.168,8,-0.294,-0.611,-0.062,8,120.0,120.0,120.0,8
Pali,Flickr30k,3,0.061,0.047,0.074,8,0.057,0.041,0.07,8,0.088,0.059,0.118,8,0.805,0.748,0.863,8,0.195,0.137,0.252,8,0.625,0.599,0.647,8,0.025,0.025,0.025,8,-0.285,-0.564,-0.074,8,120.0,120.0,120.0,8
Pali,Flickr30k,5,0.08,0.064,0.097,8,0.071,0.055,0.083,8,0.11,0.078,0.144,8,0.774,0.719,0.832,8,0.226,0.168,0.281,8,0.687,0.669,0.708,8,0.042,0.042,0.042,8,-0.285,-0.564,-0.074,8,120.0,120.0,120.0,8
Pali,Flickr30k,10,0.117,0.1,0.133,8,0.104,0.088,0.122,8,0.161,0.129,0.197,8,0.712,0.667,0.756,8,0.288,0.244,0.333,8,0.808,0.795,0.826,8,0.084,0.084,0.084,8,-0.285,-0.564,-0.074,8,120.0,120.0,120.0,8
Pali,Flickr30k,20,0.17,0.149,0.189,8,0.153,0.138,0.176,8,0.217,0.178,0.26,8,0.647,0.597,0.694,8,0.353,0.306,0.403,8,0.912,0.89,0.929,8,0.168,0.168,0.168,8,-0.285,-0.564,-0.074,8,120.0,120.0,120.0,8
Pali,PixelProse,3,0.084,0.059,0.11,8,0.057,0.041,0.085,8,0.083,0.061,0.106,8,0.811,0.759,0.858,8,0.189,0.142,0.241,8,0.595,0.528,0.643,8,0.025,0.025,0.025,8,-0.228,-0.527,-0.061,8,120.0,120.0,120.0,8
Pali,PixelProse,5,0.116,0.086,0.147,8,0.082,0.058,0.115,8,0.115,0.087,0.138,8,0.758,0.71,0.811,8,0.242,0.189,0.29,8,0.658,0.615,0.703,8,0.042,0.042,0.042,8,-0.228,-0.527,-0.061,8,120.0,120.0,120.0,8
Pali,PixelProse,10,0.181,0.142,0.216,8,0.132,0.104,0.185,8,0.176,0.142,0.216,8,0.679,0.615,0.731,8,0.321,0.269,0.385,8,0.807,0.757,0.834,8,0.084,0.084,0.084,8,-0.228,-0.527,-0.061,8,120.0,120.0,120.0,8
Pali,PixelProse,20,0.244,0.204,0.274,8,0.191,0.163,0.238,8,0.237,0.201,0.273,8,0.615,0.575,0.655,8,0.385,0.345,0.425,8,0.918,0.877,0.945,8,0.168,0.168,0.168,8,-0.228,-0.527,-0.061,8,120.0,120.0,120.0,8
Qwen,COCO,3,0.069,0.049,0.081,8,0.066,0.054,0.076,8,0.108,0.076,0.135,8,0.767,0.712,0.833,8,0.233,0.167,0.288,8,0.614,0.565,0.647,8,0.025,0.025,0.025,8,-0.398,-2.715,0.06,8,120.0,120.0,120.0,8
Qwen,COCO,5,0.091,0.068,0.103,8,0.091,0.072,0.107,8,0.134,0.093,0.166,8,0.732,0.673,0.809,8,0.268,0.191,0.327,8,0.66,0.629,0.685,8,0.042,0.042,0.042,8,-0.398,-2.715,0.06,8,120.0,120.0,120.0,8
Qwen,COCO,10,0.148,0.117,0.164,8,0.147,0.115,0.161,8,0.195,0.143,0.224,8,0.663,0.617,0.74,8,0.337,0.26,0.383,8,0.748,0.729,0.775,8,0.084,0.084,0.084,8,-0.398,-2.715,0.06,8,120.0,120.0,120.0,8
Qwen,COCO,20,0.21,0.178,0.229,8,0.208,0.174,0.228,8,0.261,0.203,0.299,8,0.591,0.543,0.664,8,0.409,0.336,0.457,8,0.864,0.836,0.881,8,0.168,0.168,0.168,8,-0.398,-2.715,0.06,8,120.0,120.0,120.0,8
Qwen,Flickr30k,3,0.057,0.042,0.07,8,0.057,0.038,0.073,8,0.098,0.056,0.128,8,0.786,0.731,0.87,8,0.214,0.13,0.269,8,0.637,0.58,0.717,8,0.025,0.025,0.025,8,-0.457,-2.935,0.044,8,120.0,120.0,120.0,8
Qwen,Flickr30k,5,0.076,0.058,0.086,8,0.072,0.056,0.086,8,0.119,0.077,0.149,8,0.762,0.71,0.836,8,0.238,0.164,0.29,8,0.69,0.643,0.75,8,0.042,0.042,0.042,8,-0.457,-2.935,0.044,8,120.0,120.0,120.0,8
Qwen,Flickr30k,10,0.121,0.092,0.145,8,0.109,0.091,0.125,8,0.169,0.12,0.207,8,0.706,0.649,0.783,8,0.294,0.217,0.351,8,0.808,0.79,0.838,8,0.084,0.084,0.084,8,-0.457,-2.935,0.044,8,120.0,120.0,120.0,8
Qwen,Flickr30k,20,0.175,0.147,0.2,8,0.159,0.138,0.175,8,0.23,0.173,0.27,8,0.632,0.579,0.702,8,0.368,0.298,0.421,8,0.913,0.896,0.924,8,0.168,0.168,0.168,8,-0.457,-2.935,0.044,8,120.0,120.0,120.0,8
Qwen,PixelProse,3,0.071,0.06,0.079,8,0.053,0.047,0.062,8,0.086,0.062,0.109,8,0.802,0.753,0.853,8,0.198,0.147,0.247,8,0.594,0.521,0.638,8,0.025,0.025,0.025,8,-0.448,-2.874,0.012,8,120.0,120.0,120.0,8
Qwen,PixelProse,5,0.094,0.079,0.108,8,0.074,0.06,0.083,8,0.119,0.085,0.151,8,0.746,0.68,0.819,8,0.254,0.181,0.32,8,0.661,0.617,0.688,8,0.042,0.042,0.042,8,-0.448,-2.874,0.012,8,120.0,120.0,120.0,8
Qwen,PixelProse,10,0.144,0.12,0.167,8,0.123,0.099,0.142,8,0.184,0.14,0.221,8,0.664,0.606,0.735,8,0.336,0.265,0.394,8,0.777,0.738,0.817,8,0.084,0.084,0.084,8,-0.448,-2.874,0.012,8,120.0,120.0,120.0,8
Qwen,PixelProse,20,0.206,0.176,0.23,8,0.179,0.154,0.193,8,0.251,0.198,0.296,8,0.591,0.536,0.661,8,0.409,0.339,0.464,8,0.898,0.862,0.924,8,0.168,0.168,0.168,8,-0.448,-2.874,0.012,8,120.0,120.0,120.0,8
Smol,COCO,3,0.07,0.046,0.092,8,0.068,0.046,0.09,8,0.069,0.046,0.093,8,0.845,0.797,0.892,8,0.155,0.107,0.203,8,0.644,0.614,0.68,8,0.025,0.025,0.025,8,-2.301,-11.633,-0.449,8,120.0,120.0,120.0,8
Smol,COCO,5,0.089,0.065,0.114,8,0.087,0.066,0.109,8,0.089,0.066,0.113,8,0.814,0.77,0.853,8,0.186,0.147,0.23,8,0.696,0.668,0.728,8,0.042,0.042,0.042,8,-2.301,-11.633,-0.449,8,120.0,120.0,120.0,8
Smol,COCO,10,0.138,0.099,0.172,8,0.137,0.098,0.169,8,0.139,0.098,0.174,8,0.745,0.69,0.812,8,0.255,0.188,0.31,8,0.772,0.716,0.816,8,0.084,0.084,0.084,8,-2.301,-11.633,-0.449,8,120.0,120.0,120.0,8
Smol,COCO,20,0.192,0.143,0.232,8,0.191,0.143,0.229,8,0.194,0.143,0.233,8,0.673,0.624,0.743,8,0.327,0.257,0.376,8,0.863,0.783,0.891,8,0.168,0.168,0.168,8,-2.301,-11.633,-0.449,8,120.0,120.0,120.0,8
Smol,Flickr30k,3,0.045,0.026,0.072,8,0.042,0.026,0.069,8,0.044,0.027,0.074,8,0.901,0.839,0.936,8,0.099,0.064,0.161,8,0.759,0.721,0.819,8,0.025,0.025,0.025,8,-2.221,-11.179,-0.375,8,120.0,120.0,120.0,8
Smol,Flickr30k,5,0.062,0.039,0.084,8,0.059,0.036,0.083,8,0.061,0.036,0.085,8,0.871,0.828,0.921,8,0.129,0.079,0.172,8,0.795,0.753,0.829,8,0.042,0.042,0.042,8,-2.221,-11.179,-0.375,8,120.0,120.0,120.0,8
Smol,Flickr30k,10,0.093,0.065,0.121,8,0.091,0.064,0.116,8,0.095,0.066,0.121,8,0.818,0.784,0.863,8,0.182,0.137,0.216,8,0.861,0.814,0.886,8,0.084,0.084,0.084,8,-2.221,-11.179,-0.375,8,120.0,120.0,120.0,8
Smol,Flickr30k,20,0.145,0.11,0.176,8,0.141,0.11,0.171,8,0.145,0.111,0.177,8,0.735,0.695,0.783,8,0.265,0.217,0.305,8,0.916,0.845,0.942,8,0.168,0.168,0.168,8,-2.221,-11.179,-0.375,8,120.0,120.0,120.0,8
Smol,PixelProse,3,0.051,0.038,0.081,8,0.046,0.037,0.063,8,0.048,0.037,0.069,8,0.889,0.84,0.915,8,0.111,0.085,0.16,8,0.719,0.677,0.759,8,0.025,0.025,0.025,8,-2.351,-11.829,-0.391,8,120.0,120.0,120.0,8
Smol,PixelProse,5,0.075,0.049,0.111,8,0.069,0.047,0.098,8,0.07,0.048,0.1,8,0.843,0.779,0.895,8,0.157,0.105,0.221,8,0.749,0.687,0.783,8,0.042,0.042,0.042,8,-2.351,-11.829,-0.391,8,120.0,120.0,120.0,8
Smol,PixelProse,10,0.129,0.09,0.184,8,0.119,0.089,0.168,8,0.122,0.091,0.174,8,0.759,0.671,0.816,8,0.241,0.184,0.329,8,0.831,0.763,0.849,8,0.084,0.084,0.084,8,-2.351,-11.829,-0.391,8,120.0,120.0,120.0,8
Smol,PixelProse,20,0.186,0.135,0.238,8,0.174,0.133,0.223,8,0.179,0.135,0.23,8,0.682,0.616,0.756,8,0.318,0.244,0.384,8,0.9,0.809,0.929,8,0.168,0.168,0.168,8,-2.351,-11.829,-0.391,8,120.0,120.0,120.0,8
